"key"	"pred"
"265cd1c6"	"0"
"eeec7a33"	"2"
"0b6e02fe"	"0"
"d70f403f"	"0"
"b3810b55"	"1"
"8d86021c"	"2"
"5d3210d0"	"0"
"cf6462aa"	"3"
"f4d29745"	"0"
"361e9cba"	"0"
"9c423f7a"	"0"
"d735f42c"	"1"
"feb33f23"	"0"
"9e01960a"	"0"
"de8e59a2"	"3"
"1b29b542"	"2"
"ae7eb9fc"	"0"
"88db5f41"	"0"
"1666db9c"	"1"
"e5d27265"	"3"
"bd575afb"	"0"
"f4d9fa42"	"1"
"371868d6"	"0"
"d0d05d07"	"4"
"7b0ddc97"	"4"
"658b5ae6"	"0"
"c3d60db9"	"0"
"3a795a79"	"0"
"f78340ae"	"2"
"39bf147a"	"0"
"74995d82"	"0"
"7a2df92a"	"1"
"ee863a74"	"0"
"22d82245"	"5"
"76ab5679"	"0"
"d090c272"	"0"
"08185f11"	"1"
"07a76a31"	"0"
"8909a361"	"0"
"8210d07d"	"6"
"09ce2668"	"1"
"3ddbd4c3"	"0"
"a2b7dab0"	"0"
"56a3fa2b"	"0"
"c515ead7"	"1"
"c57a9823"	"0"
"967ed1b6"	"1"
"dff07eae"	"1"
"e709cedf"	"0"
"a5943492"	"0"
"9bf38b1a"	"1"
"90c59d6d"	"1"
"f9194885"	"3"
"e98d74c0"	"0"
"abfeb258"	"0"
"03eef62e"	"1"
"f5227e2e"	"1"
"ffb3d9c0"	"1"
"3fd9716a"	"2"
"a2831edc"	"2"
"421b6502"	"2"
"8c2de64c"	"2"
"2aa23f70"	"0"
"2fbff4e8"	"1"
"b3f7c70f"	"0"
"5104a10d"	"1"
"90f01786"	"4"
"9a191aa8"	"6"
"9b0d23f8"	"0"
"8f5b0d7e"	"3"
"b8be5f27"	"0"
"1babfd97"	"0"
"dbd9a443"	"0"
"3ae153a6"	"0"
"dafb9ebd"	"0"
"c9e31d27"	"2"
"30c36e38"	"0"
"5275b435"	"5"
"aa992f56"	"4"
"04ca9837"	"1"
"e6b32ba5"	"1"
"d50f301b"	"1"
"921faae5"	"0"
"99d7e73d"	"0"
"243b2fbf"	"2"
"2ea546db"	"0"
"aba87420"	"2"
"4a5d6553"	"1"
"65fee7ee"	"0"
"13a2df51"	"0"
"4da2fc60"	"2"
"12432fbc"	"0"
"b3b5149e"	"2"
"f3ee1d1f"	"2"
"5e928bf3"	"1"
"ea73db8f"	"1"
"5c0b4aa5"	"3"
"23cb1737"	"1"
"6b2d5863"	"3"
"2045b880"	"0"
"c7c955a7"	"0"
"925266cd"	"0"
"44bb5773"	"0"
"f492c58b"	"0"
"ab7477fd"	"1"
"62d1e61a"	"0"
"44284410"	"1"
"497276cf"	"1"
"f0e7b309"	"0"
"c6744645"	"0"
"78ddd91c"	"3"
"66417106"	"0"
"832f26c3"	"0"
"bfea96bf"	"0"
"145a3600"	"0"
"49ae44da"	"2"
"6da62ddd"	"1"
"c394524c"	"0"
"6967110b"	"0"
"e2fe1cb9"	"0"
"f10c3c59"	"1"
"a2e773ba"	"2"
"4.69E+149"	"0"
"5f7fc6bf"	"1"
"74d08222"	"1"
"3a61e4a7"	"0"
"3e595c65"	"0"
"45ce4257"	"1"
"4bae00b7"	"1"
"6234bd34"	"2"
"e489dd47"	"0"
"99c276a3"	"5"
"2ef397a6"	"0"
"a7587649"	"0"
"c4e7e662"	"0"
"660cb735"	"0"
"4d2eb7f9"	"1"
"adcd2baa"	"0"
"bdb63ffc"	"3"
"183f7b34"	"0"
"07aba0c2"	"0"
"07b334f1"	"0"
"ea8306b6"	"2"
"7c21da77"	"0"
"2e740d0b"	"0"
"e258a0a5"	"0"
"45ff5db0"	"0"
"f445e11f"	"1"
"20206bd6"	"2"
"2b18688c"	"3"
"41e52747"	"0"
"3c98d06d"	"0"
"d1023dc3"	"1"
"fe05cafe"	"2"
"16236d62"	"3"
"1324840c"	"2"
"711a9294"	"1"
"2ce9b002"	"0"
"225f5ee7"	"0"
"6f3bfda8"	"0"
"200b4a04"	"2"
"5daa9991"	"1"
"73c67143"	"0"
"98bd246b"	"0"
"0def121c"	"0"
"b410dda1"	"0"
"dc46d24a"	"4"
"e726f720"	"4"
"a4ba95dd"	"0"
"ddf3bb40"	"1"
"8366c910"	"0"
"6e5da407"	"0"
"2441c405"	"1"
"0e953341"	"1"
"4a6faeb1"	"0"
"d1a82da8"	"0"
"14b59095"	"0"
"fdb0292c"	"1"
"720ba1e0"	"1"
"badb3980"	"0"
"ca380a46"	"0"
"7d9b634e"	"1"
"d2aa5dd5"	"1"
"c376ec9f"	"2"
"cb62f6de"	"6"
"9389f1a8"	"1"
"6604297b"	"0"
"fa6667ef"	"3"
"6.35E+51"	"2"
"0d55632b"	"1"
"6a86495c"	"1"
"ac46b876"	"0"
"2b4aef8a"	"2"
"3040622e"	"2"
"a05e9b77"	"0"
"47de04b1"	"1"
"869fb5cf"	"0"
"f2849cb4"	"0"
"9910972b"	"0"
"69d48b4d"	"0"
"e66b44a2"	"3"
"76e35ad6"	"0"
"ff71a87a"	"0"
"7d69e53f"	"2"
"d56c60a7"	"1"
"b1d8b39e"	"0"
"d0da2251"	"1"
"6c16a3cc"	"0"
"4858fb69"	"3"
"dca6d154"	"2"
"055f553c"	"2"
"8766775a"	"0"
"5c8e6ff7"	"0"
"58385175"	"1"
"9ea551b3"	"1"
"9863cf84"	"0"
"7307f2dd"	"3"
"c5e6a509"	"6"
"91df31f7"	"0"
"1bfab797"	"2"
"1b0e4eb2"	"1"
"8bd3bc94"	"0"
"f6f881b4"	"4"
"20683c75"	"0"
"6e5e584d"	"0"
"8a97ac2c"	"4"
"ce8202ee"	"0"
"98d8c694"	"0"
"e33fb6f3"	"0"
"3c0bce48"	"1"
"c88703b3"	"0"
"e172b0d3"	"0"
"d5139d53"	"1"
"4c39c621"	"0"
"719aadf9"	"0"
"bce2cfd6"	"0"
"8e229966"	"0"
"92a51fd5"	"1"
"a7b5d61b"	"1"
"9ccbf1cf"	"0"
"216b9693"	"1"
"b81b5687"	"0"
"408652cb"	"1"
"ee4de225"	"5"
"1b7a5aff"	"1"
"c2ec8fae"	"2"
"e1fd0966"	"1"
"6d973346"	"0"
"987c18f9"	"0"
"38eb80c1"	"2"
"d2c4ae70"	"0"
"ab0a7479"	"1"
"58b1f637"	"0"
"f08f826a"	"1"
"e160c2cc"	"3"
"91763219"	"0"
"45e37014"	"6"
"5e2f1001"	"1"
"999053a3"	"0"
"25e07db7"	"0"
"82a61266"	"2"
"76ff0c63"	"0"
"a81be972"	"1"
"398f76b8"	"2"
"db27b1b5"	"1"
"3ad10b9e"	"2"
"48d2ba85"	"1"
"8b87a3fb"	"1"
"4c39b267"	"1"
"d1e7c563"	"1"
"6eed10f8"	"0"
"c52df070"	"0"
"a2556bef"	"0"
"df546c49"	"0"
"c7995f14"	"1"
"a5d8d97c"	"0"
"08c72fa6"	"2"
"de1ea8aa"	"1"
"1f8abd8a"	"0"
"633712b5"	"2"
"f2a05586"	"5"
"8220e01d"	"0"
"4402a2d2"	"3"
"80f6a5c7"	"0"
"96397281"	"0"
"02b1157a"	"0"
"617f6050"	"0"
"aca02396"	"4"
"24d9eb23"	"0"
"0a2c3481"	"0"
"98a93bd2"	"0"
"b5e2bd8d"	"0"
"4a2ac589"	"1"
"51cbf30a"	"4"
"967481a4"	"0"
"19bf8410"	"0"
"24913065"	"0"
"71389c8c"	"0"
"b76b99c4"	"3"
"db7b63ad"	"1"
"3.13E+11"	"0"
"f3eec262"	"2"
"d9e95d00"	"0"
"85f8ed8b"	"0"
"84ab98f9"	"0"
"9eb36cd5"	"0"
"68a3554b"	"2"
"a47f1bdc"	"1"
"f1b589c1"	"0"
"87af3029"	"2"
"9db28252"	"1"
"6a9a29bc"	"3"
"8484b086"	"3"
"050369d2"	"0"
"5603298b"	"0"
"b56219d2"	"1"
"e0c55275"	"0"
"dbc1e8d6"	"1"
"be013733"	"0"
"8713b068"	"1"
"2bb28edb"	"3"
"0d4648b4"	"1"
"f472bb0f"	"0"
"d3e94087"	"1"
"c323cb8f"	"1"
"d9e7b1c1"	"0"
"ea3fd1a5"	"0"
"d84cb900"	"3"
"ed98d611"	"0"
"7705a6f0"	"0"
"4891f6a3"	"1"
"080bab90"	"3"
"ff1d0a10"	"0"
"788dbc18"	"0"
"a308fd22"	"1"
"dfc5f2ed"	"0"
"dc877582"	"0"
"f456e45f"	"1"
"b255f199"	"1"
"b99a0ee8"	"1"
"1dbcb151"	"0"
"17bebbda"	"1"
"3f36645f"	"6"
"f50a0786"	"2"
"9b049d00"	"0"
"1739a5ab"	"0"
"5759442f"	"2"
"c02ad4f0"	"1"
"92f5a2c5"	"0"
"5ef1fca3"	"0"
"7d7879fd"	"0"
"c6deb941"	"0"
"7fb42435"	"0"
"48d02015"	"1"
"cdfac5c3"	"0"
"83775807"	"4"
"4d46d830"	"0"
"fb68795f"	"1"
"90fcb9ef"	"0"
"1a746dad"	"0"
"0d769ccf"	"1"
"084d92e8"	"2"
"7a4d4a04"	"0"
"ffdd8f8f"	"3"
"b2feb7b7"	"1"
"afc8c1a5"	"1"
"cef32952"	"0"
"3ac430bd"	"0"
"83472a2a"	"0"
"e1f46f64"	"0"
"87d87a3b"	"0"
"915749c2"	"4"
"931e65fa"	"2"
"56692f7a"	"0"
"58156d58"	"0"
"d2f3e14b"	"0"
"8f180d05"	"2"
"2a48ce02"	"0"
"ee1c94b2"	"5"
"0daff23b"	"2"
"e93d53a4"	"2"
"7c328e93"	"2"
"5a3535c2"	"1"
"bf3e1c58"	"0"
"f4fa66b6"	"0"
"432a7112"	"0"
"e2d13d2f"	"0"
"09a89f4a"	"0"
"c4806251"	"1"
"10e58e6a"	"2"
"e2715bcf"	"1"
"3bf6ea1b"	"1"
"ae44c03a"	"0"
"759160d2"	"6"
"eceda235"	"1"
"7e8fafc6"	"0"
"c936a591"	"1"
"4f6f50c1"	"5"
"f888a25d"	"0"
"c3cdccfb"	"0"
"4b31e2f7"	"2"
"107bb108"	"0"
"dac5661b"	"0"
"10dfd287"	"3"
"183cf3db"	"1"
"fe4e5017"	"2"
"f94114da"	"1"
"2f6ca5bd"	"0"
"e3aef160"	"3"
"b3ad121a"	"0"
"e8f584bc"	"0"
"d898efad"	"2"
"34a89f84"	"1"
"dd40d6ab"	"2"
"b0ea7fd4"	"4"
"3025b867"	"0"
"a79a6d2e"	"1"
"e2ebf89e"	"2"
"ce5b6c96"	"0"
"95598cbc"	"0"
"bc25ae20"	"0"
"7162f7b2"	"0"
"1f40aae5"	"1"
"d3959ecd"	"0"
"401e17b2"	"4"
"10964ca3"	"1"
"018d530d"	"2"
"3dd0effc"	"0"
"f350b7d8"	"2"
"5deb39f9"	"0"
"df0063ad"	"0"
"bdd76738"	"0"
"4335bd86"	"3"
"30da3d20"	"1"
"8abc1d06"	"0"
"3ac17e48"	"3"
"6a066aac"	"1"
"3a726133"	"0"
"21d4c82c"	"0"
"86baba51"	"1"
"cfaa26f0"	"0"
"2c0519e4"	"1"
"39c406aa"	"0"
"337a4f85"	"0"
"7ec4e608"	"0"
"95e5d904"	"1"
"e6ed2581"	"0"
"9553164c"	"0"
"f5a18475"	"0"
"35dad196"	"1"
"260faa34"	"0"
"0b94fa99"	"1"
"5d0dfd2f"	"0"
"885f0f22"	"0"
"fd197c9f"	"0"
"0603ba2e"	"1"
"b2219ec4"	"1"
"6b4af4cb"	"0"
"2de0d18c"	"0"
"8f6b1fff"	"0"
"7f5b00f3"	"2"
"d12c74d0"	"5"
"5db4ef0d"	"0"
"876f0946"	"2"
"10446916"	"0"
"ada4edca"	"1"
"e5f1aa52"	"0"
"2afc30d8"	"0"
"a9c3a8cd"	"0"
"b4470405"	"3"
"75c9b9ef"	"0"
"5678d1ee"	"1"
"9d2a725c"	"1"
"8a34dfe5"	"0"
"57b893cf"	"0"
"cc036229"	"0"
"2ec732d8"	"2"
"ee91fddb"	"0"
"9629309b"	"1"
"054b1c64"	"2"
"1ee9598d"	"6"
"20858b7b"	"0"
"5ea84ada"	"0"
"cafa8cd2"	"0"
"9274976a"	"4"
"73d5b893"	"0"
"4f08b650"	"1"
"cd110e94"	"3"
"48d12f08"	"1"
"5c71205b"	"0"
"094e52a7"	"0"
"ad967c1b"	"1"
"6135f626"	"3"
"e81fc70e"	"0"
"4af79865"	"0"
"6f0940ef"	"2"
"44914bc9"	"0"
"3f0857b8"	"0"
"3.25E+09"	"0"
"fb088368"	"1"
"36a3a6f3"	"1"
"849b0105"	"2"
"b8f9c0a1"	"1"
"03d98c1e"	"2"
"ec823945"	"1"
"c5e56657"	"3"
"f0a4ae5a"	"2"
"5d509bd7"	"0"
"563572c7"	"1"
"854f379e"	"0"
"d49a9837"	"0"
"f0506c5c"	"4"
"ce280889"	"0"
"33dbecf2"	"5"
"5ad01711"	"0"
"eb6798c3"	"1"
"c5ee38ab"	"0"
"df97c342"	"1"
"08d41dfa"	"0"
"8e1801ef"	"0"
"f884cfd2"	"1"
"6726d43d"	"2"
"dfc19737"	"0"
"e822499f"	"6"
"1765f7bc"	"0"
"c6c2ea57"	"1"
"c3be4ab8"	"1"
"f01736fc"	"0"
"f57b7b1f"	"2"
"b7306517"	"1"
"e2969b06"	"0"
"5708f4f9"	"0"
"aa8fa881"	"2"
"bf8ace8b"	"1"
"0c0b6df4"	"0"
"32e27028"	"0"
"0c4d0897"	"0"
"99a6e0c8"	"3"
"4de5cbdd"	"1"
"39653f9d"	"0"
"3f09b5c0"	"0"
"764d1e73"	"0"
"c21eba62"	"1"
"4a30254f"	"2"
"a4973718"	"1"
"e6b869ba"	"2"
"38db6544"	"4"
"7b9a533d"	"4"
"5b841d53"	"2"
"b46ff9ec"	"1"
"5efde51f"	"0"
"a524dbff"	"0"
"9970c533"	"1"
"1b67a625"	"1"
"7a64b512"	"1"
"6459049c"	"0"
"039954ea"	"0"
"2ca198d0"	"0"
"c7298bb9"	"2"
"0fad0cfe"	"0"
"47e01cb7"	"0"
"2d00d394"	"1"
"7d92d79a"	"3"
"da7c207a"	"0"
"13835d1a"	"3"
"2c1aa47d"	"1"
"37533952"	"3"
"3bdabb26"	"0"
"fdbb46e7"	"0"
"0b814685"	"2"
"68c0c4ee"	"1"
"17062acc"	"0"
"c676908f"	"0"
"038936d0"	"0"
"6c143c5f"	"0"
"8b0a5bc1"	"0"
"47cc6428"	"0"
"f534165c"	"1"
"8542b32d"	"0"
"94c8a82c"	"2"
"aca4d36d"	"0"
"2f20c657"	"0"
"12157d78"	"0"
"41d144ce"	"1"
"738f3483"	"0"
"ba73f596"	"0"
"59ae0b60"	"1"
"29c4e031"	"3"
"f864ad70"	"1"
"21c41d1f"	"0"
"4d82cc94"	"2"
"b353b648"	"0"
"be0f5357"	"0"
"cf5e2f30"	"1"
"8c3e0cbb"	"0"
"79bc291c"	"0"
"71d4ea06"	"0"
"30065699"	"0"
"484dfe4b"	"0"
"c36615f3"	"2"
"721f98ae"	"5"
"311d619c"	"4"
"7a49ee64"	"3"
"9d4057c5"	"2"
"76f904e5"	"0"
"a126029c"	"6"
"0b5ed9cc"	"0"
"58541750"	"0"
"868ae003"	"0"
"6d98c9a6"	"1"
"35f83149"	"0"
"626c1517"	"3"
"b1df2aa2"	"0"
"54a0629f"	"0"
"475c94b0"	"1"
"a69525f8"	"1"
"b0790242"	"1"
"149a20e2"	"1"
"87159c42"	"0"
"74ff7089"	"4"
"80a66202"	"3"
"da120e69"	"0"
"7ce1a3d2"	"0"
"e6663825"	"2"
"9252c848"	"0"
"83d051e5"	"1"
"f1eef0ac"	"0"
"a041f8e8"	"2"
"1a7b037f"	"0"
"5d8302b0"	"1"
"252e9d95"	"0"
"cdad9f90"	"2"
"bc32c6a3"	"1"
"37042c2d"	"2"
"842c67bf"	"0"
"e2f50de0"	"0"
"8869b067"	"1"
"ac071733"	"0"
"653fb557"	"0"
"c35f27d0"	"1"
"167ef00a"	"1"
"ee68ac27"	"1"
"82a0adea"	"0"
"07142df2"	"1"
"de427b5e"	"3"
"39e17bd6"	"2"
"f07f56f2"	"0"
"50206563"	"0"
"10133acd"	"2"
"da19e9c6"	"1"
"00166df4"	"1"
"ce5ae9a4"	"0"
"cd7349be"	"0"
"aef6ee97"	"0"
"af07ca23"	"2"
"3350b0fc"	"0"
"36c3a1e8"	"0"
"ca6c9cea"	"2"
"38784368"	"0"
"179ecf0f"	"1"
"0d19d7f0"	"1"
"1f06a87d"	"0"
"86de29a3"	"1"
"2481b20c"	"1"
"5d0d1edc"	"0"
"9d47bf30"	"5"
"a50689a7"	"3"
"1c26db1d"	"0"
"452f906f"	"1"
"4edea3b4"	"0"
"f1b46b87"	"4"
"f99c05eb"	"2"
"9188be90"	"0"
"ec15bb88"	"3"
"d4873491"	"0"
"04d90e86"	"0"
"cfeb7357"	"1"
"6767fbb8"	"1"
"28caebf7"	"0"
"558bae7a"	"0"
"b63c7583"	"2"
"292343db"	"1"
"f324065c"	"3"
"141911f1"	"0"
"22c7034f"	"0"
"8db23e33"	"2"
"ec140e06"	"1"
"ec07677d"	"0"
"1549323f"	"0"
"9a044eff"	"0"
"94149482"	"0"
"d09b3023"	"0"
"1fef4896"	"1"
"ae6de5ae"	"6"
"22b4d06a"	"0"
"12631d34"	"4"
"3f56b4d6"	"0"
"39999bc8"	"1"
"e0241603"	"0"
"f7d6641a"	"1"
"908bc27b"	"0"
"ee4febb3"	"0"
"e6e0a6c1"	"1"
"5f665704"	"0"
"93499986"	"0"
"c94c7a8f"	"2"
"5966d945"	"1"
"e771cb10"	"0"
"4331ccd9"	"2"
"67b4e972"	"0"
"b61ad97c"	"3"
"15e112a5"	"0"
"a956d11a"	"1"
"a5401b28"	"0"
"23f9625e"	"0"
"18827987"	"0"
"c4c9d5c1"	"1"
"cfa374dc"	"6"
"b56e96ac"	"0"
"ff4c2467"	"1"
"4979a3e1"	"4"
"d82eba27"	"0"
"2b7e9767"	"0"
"c981095c"	"1"
"c94dead5"	"0"
"7563ff76"	"5"
"d966995a"	"1"
"e1ce3def"	"0"
"5f5728c0"	"2"
"555cea32"	"3"
"dfd81ac8"	"1"
"c000dffc"	"0"
"7f172153"	"0"
"95c8ca8d"	"0"
"1ac9275b"	"0"
"00ceef09"	"1"
"ab752e17"	"1"
"cc2be901"	"1"
"26d3ecbf"	"0"
"dbdc7aa3"	"1"
"f664b0d0"	"0"
"113d9819"	"0"
"bdd52220"	"2"
"b8119e25"	"1"
"596e602f"	"1"
"0fab5ae6"	"0"
"057fe5b6"	"4"
"b86d1258"	"1"
"c5145a9d"	"2"
"44727b71"	"0"
"52d83e3f"	"0"
"08bf5977"	"0"
"3b3f1808"	"3"
"4c821ae6"	"1"
"48c462f9"	"0"
"54d8bd2c"	"0"
"f26ef26f"	"1"
"f2d78d4e"	"2"
"40484db5"	"0"
"72177563"	"0"
"bf174840"	"1"
"029ec49b"	"2"
"cfcdd844"	"0"
"0d50a9a2"	"0"
"4f872af4"	"2"
"06105ad5"	"0"
"acd3378c"	"0"
"47422460"	"2"
"b8b86b82"	"0"
"17b3419e"	"0"
"708615f8"	"1"
"6c9e7f70"	"3"
"5cb09750"	"0"
"077aafdd"	"1"
"db12c773"	"0"
"ac4a50ec"	"3"
"d51933af"	"1"
"5868f1f9"	"1"
"33754a13"	"0"
"269f096a"	"0"
"7ffa5d1e"	"0"
"7ae7a759"	"1"
"1075b32a"	"1"
"1638fc13"	"0"
"2fae7cac"	"0"
"10977ebe"	"2"
"f91f83e4"	"0"
"45f2871d"	"0"
"9b3d7dff"	"1"
"33962a18"	"0"
"6f22cd2d"	"1"
"8c61f019"	"1"
"6bb79cfc"	"5"
"eaff0918"	"1"
"e5ccd71d"	"0"
"a961f20a"	"0"
"478664ca"	"3"
"1a458911"	"0"
"f99cef45"	"0"
"fb7f2471"	"4"
"c482cf74"	"4"
"00fd56a1"	"2"
"fd86a9e6"	"0"
"3ca58024"	"1"
"caa0749c"	"0"
"40fad274"	"1"
"3ae33aa5"	"0"
"5bf12f60"	"0"
"158bf496"	"2"
"cff465da"	"6"
"5b2a656f"	"0"
"62773375"	"1"
"758c9ac5"	"0"
"cce613da"	"2"
"d9538f83"	"1"
"2695d0c6"	"0"
"10caf527"	"1"
"dd86df34"	"0"
"6353a4cc"	"0"
"caebce10"	"0"
"4ff8ae56"	"0"
"8c31b3b8"	"1"
"448a201f"	"0"
"cf96d048"	"0"
"51fc217d"	"0"
"fd8bbc23"	"2"
"89d06619"	"0"
"f0942c69"	"0"
"5f84d896"	"0"
"9.91E+08"	"2"
"262d598b"	"1"
"2ef61556"	"2"
"f3ecd79a"	"1"
"e50f83df"	"2"
"d45a4f97"	"3"
"b0d1fc41"	"0"
"3112410c"	"3"
"6778f11c"	"0"
"084e66df"	"0"
"186333be"	"1"
"a1da6651"	"0"
"1bbba2c8"	"1"
"b55dd825"	"0"
"24e5322a"	"0"
"b472031f"	"2"
"f9372a3a"	"2"
"5bc27397"	"1"
"d4e5c747"	"0"
"e51a8795"	"3"
"b38e6cd9"	"0"
"41097fac"	"2"
"3e741671"	"6"
"8137c5ac"	"4"
"51121261"	"1"
"88f2060b"	"2"
"2464d7fe"	"2"
"b6f2628b"	"0"
"4199d541"	"1"
"9d045d6d"	"1"
"9b65b165"	"0"
"9f25a1b2"	"0"
"54d6d64e"	"0"
"8273f01e"	"0"
"6d065954"	"1"
"4c382376"	"4"
"869c0618"	"0"
"442d37d4"	"3"
"2093fa47"	"0"
"051101d4"	"1"
"2cf5db3e"	"1"
"f0800c4d"	"1"
"4d5e4695"	"0"
"2b14818d"	"0"
"d11c7de6"	"1"
"9de49fe5"	"0"
"69027975"	"1"
"28db16ae"	"0"
"dd85f45c"	"1"
"7d6e133d"	"1"
"a91725cd"	"0"
"77fc4f93"	"0"
"b338e749"	"0"
"7d0bd99b"	"0"
"bac9d070"	"1"
"f4a199ed"	"0"
"8cde08ad"	"0"
"9fbcf4a0"	"0"
"b8a4ad60"	"0"
"22a00a15"	"0"
"8dd9f408"	"0"
"160dbb04"	"1"
"4af661b9"	"1"
"04e823a7"	"3"
"97330fc5"	"5"
"8f8f4cb7"	"0"
"10e51eac"	"3"
"814dd861"	"2"
"83168a73"	"2"
"4641000f"	"2"
"9945739b"	"0"
"25020dcd"	"0"
"5933ac46"	"0"
"367511d9"	"0"
"6f862225"	"0"
"05fb64d4"	"0"
"2833119e"	"0"
"457dda25"	"1"
"98e7f136"	"0"
"710f98d3"	"2"
"f31dfe04"	"0"
"9e07889c"	"0"
"8100879e"	"0"
"18b19c30"	"0"
"14f45303"	"0"
"3982a0dc"	"0"
"f0875a1b"	"6"
"b8b3cd0b"	"0"
"09945eeb"	"4"
"77c57def"	"0"
"b6b1cce4"	"0"
"cb30dca8"	"0"
"49871365"	"0"
"2e252137"	"1"
"c0e1462f"	"0"
"64d7aafc"	"3"
"d37dd538"	"1"
"b4c7452d"	"0"
"97620e3d"	"1"
"5bded0dd"	"0"
"573a8387"	"1"
"26d23976"	"3"
"95fec3e8"	"0"
"e05cd059"	"1"
"0aa788c3"	"2"
"0702c479"	"1"
"6c474df4"	"0"
"cd6fa0ed"	"1"
"5fbd1bd8"	"3"
"29fc969e"	"0"
"b39b9eb4"	"0"
"7977ea6a"	"5"
"59bc346e"	"0"
"155e67e6"	"0"
"902faeee"	"3"
"e785666b"	"0"
"67efc698"	"2"
"80cab013"	"1"
"aa66162f"	"2"
"2623caf5"	"2"
"33415223"	"0"
"7286a50b"	"2"
"9bd74302"	"0"
"d931ffd8"	"2"
"ca537d56"	"0"
"3f267d29"	"1"
"efd7349c"	"4"
"8eab831d"	"2"
"4a9b4ea0"	"0"
"7.33E+102"	"1"
"6b40f3ba"	"1"
"11a875ce"	"1"
"ac6a3ae0"	"1"
"504d89b5"	"0"
"5b873c99"	"1"
"cf3a0533"	"1"
"39e59c1b"	"0"
"55a9eaf0"	"1"
"223f5151"	"0"
"4249f8f6"	"0"
"f848e6c2"	"1"
"59e4ff91"	"0"
"0d1b7917"	"0"
"8ecedc37"	"0"
"dcd9e59e"	"0"
"0db99ab3"	"0"
"dd1ebfbc"	"1"
"b12795f5"	"0"
"1da9827b"	"0"
"1a982b4f"	"0"
"ec301170"	"0"
"69efc439"	"0"
"066470fd"	"3"
"97e4cd3f"	"0"
"4.75E+64"	"1"
"0add7b2e"	"0"
"5.15E+14"	"1"
"8aae805c"	"0"
"37be2de8"	"0"
"032dfd94"	"0"
"48f4a769"	"1"
"af4beb3c"	"6"
"8b865dc5"	"0"
"ed297d8e"	"0"
"0cce9505"	"3"
"4c82b31c"	"1"
"588de642"	"0"
"b9a9c2d8"	"5"
"b3647d3c"	"1"
"41456372"	"2"
"47959543"	"1"
"50e7f72a"	"0"
"b65536e9"	"1"
"cb3fefc5"	"1"
"4b4127d4"	"4"
"33cf41ca"	"1"
"65022712"	"1"
"9d865d2c"	"0"
"a34369cd"	"0"
"d7cf9ac4"	"1"
"a6f1de9b"	"0"
"32d5fa9e"	"1"
"6633988f"	"0"
"6013086f"	"0"
"c56dc125"	"1"
"1e16cd6b"	"1"
"afbd85d4"	"0"
"4aadbf89"	"0"
"baf6b623"	"2"
"0cd1232d"	"0"
"25f484d7"	"2"
"67f0b65b"	"1"
"3b3a9f93"	"0"
"8bfb3131"	"3"
"3ffa0ba2"	"4"
"4f3d6ad7"	"0"
"deeca138"	"2"
"049f5bdd"	"2"
"94c359aa"	"2"
"fb830a28"	"2"
"f16739ac"	"0"
"ccb5a8c8"	"2"
"409bcaf7"	"3"
"287dbe6b"	"0"
"62bdcea1"	"0"
"607f3f01"	"0"
"986fdaf8"	"1"
"867ad40c"	"2"
"61f502e3"	"0"
"c3231777"	"0"
"7effdde4"	"0"
"bd55af8e"	"0"
"a15ad353"	"0"
"b4bec63d"	"0"
"7b5dd5a3"	"0"
"90208640"	"0"
"fb563608"	"1"
"61ce0531"	"4"
"abb69cd5"	"0"
"420dbff2"	"1"
"f949c858"	"2"
"fc1aac17"	"0"
"de7e8b96"	"0"
"511b46bd"	"2"
"1fd09cc6"	"0"
"84e2d76a"	"2"
"19f21449"	"1"
"48d902a2"	"3"
"e30563d2"	"1"
"f683c09a"	"1"
"ba5e81ce"	"2"
"b34edafd"	"5"
"553a18cd"	"1"
"a2a39076"	"0"
"ef76470f"	"0"
"9866562f"	"3"
"545f67af"	"1"
"68df9907"	"0"
"8f3a886a"	"6"
"2c928454"	"0"
"b8847a58"	"0"
"d99ca364"	"0"
"c3859817"	"1"
"b27cb53d"	"3"
"1c63e862"	"3"
"2c4fea86"	"0"
"81262790"	"2"
"666f4e1e"	"0"
"1cc7be29"	"0"
"835d9cad"	"1"
"4f759132"	"1"
"7907d8f5"	"0"
"27bfec7c"	"2"
"6e85ee59"	"0"
"38cf22b3"	"0"
"1af86530"	"1"
"db983dfa"	"1"
"8347d9ce"	"1"
"e05de258"	"0"
"8542b23a"	"0"
"410882fe"	"4"
"6e4422a6"	"0"
"d7e5f731"	"0"
"e3d0c907"	"1"
"c1ce3266"	"0"
"0b2a9e25"	"1"
"332704ad"	"1"
"652ec17f"	"2"
"20075a71"	"1"
"e9cd6496"	"3"
"d4fb6dde"	"1"
"61022a33"	"5"
"bc2b6352"	"0"
"29765988"	"1"
"aa5c912b"	"0"
"08bfae92"	"2"
"2bf8a322"	"6"
"6306d756"	"0"
"e6fe7dce"	"0"
"f2af68dc"	"0"
"18652291"	"0"
"a1ffdfdf"	"1"
"41f149b5"	"1"
"c708c1fa"	"0"
"df56b843"	"3"
"757a4182"	"1"
"fdaa449c"	"3"
"af3f1530"	"0"
"175ae132"	"0"
"b67f87f2"	"0"
"19060d56"	"1"
"ab413594"	"4"
"81318edb"	"0"
"12b7f01e"	"1"
"20bdbb96"	"0"
"8d10f305"	"0"
"7c774b40"	"1"
"a6c73b57"	"0"
"48067819"	"0"
"8fcb1cf8"	"1"
"3f287d39"	"0"
"b8b484ab"	"2"
"ff7411b3"	"0"
"e178fdc1"	"0"
"e0d3c352"	"2"
"bf39d58f"	"1"
"3ee34093"	"0"
"81653b25"	"1"
"0e7a319e"	"1"
"92b2c0c9"	"2"
"f68f3ca0"	"0"
"a845396b"	"0"
"97bfa818"	"2"
"56e38b33"	"0"
"ef22da82"	"0"
"82bcd250"	"0"
"5a70834b"	"2"
"071caba4"	"0"
"10d3949b"	"3"
"8fa1769b"	"1"
"e95a655a"	"0"
"99c90343"	"0"
"f433488a"	"0"
"377d5dee"	"0"
"81b70372"	"0"
"3ce54909"	"1"
"5869b9b0"	"1"
"2a13573b"	"2"
"830a3787"	"4"
"b2c5d18d"	"0"
"49852a16"	"1"
"92dd10fd"	"0"
"f48669e6"	"2"
"4e647a91"	"0"
"8a3d8e71"	"0"
"79f925e2"	"0"
"ec4446f3"	"3"
"541c50ab"	"0"
"41502b4f"	"0"
"5de01921"	"0"
"95012963"	"2"
"19164eb8"	"0"
"0f4daf7a"	"5"
"72eb064a"	"0"
"900253af"	"1"
"92709c8f"	"1"
"f3098dd9"	"6"
"7a06f4ca"	"2"
"29432eb0"	"2"
"1ef8b43c"	"3"
"8.00E+09"	"1"
"9814c403"	"0"
"b9dbaec9"	"0"
"c3a5e83d"	"1"
"b95d6cb3"	"0"
"81527fb8"	"1"
"749a4807"	"0"
"02fe2e64"	"1"
"8c96680b"	"3"
"d6f826eb"	"4"
"5813b8b4"	"0"
"17dba77b"	"0"
"459e955a"	"2"
"1303309"	"0"
"dd6776ae"	"0"
"e191b719"	"1"
"65e0596d"	"0"
"34009f00"	"1"
"157f7171"	"0"
"32da8a79"	"1"
"cf6e01de"	"3"
"5d871413"	"0"
"7672ed1d"	"1"
"5fa3b192"	"0"
"5bd88563"	"2"
"8c6455a5"	"0"
"8ecf435b"	"0"
"7f27c9ae"	"1"
"81af1b0a"	"0"
"dcd225ac"	"1"
"2b07a4ea"	"2"
"d0254e43"	"0"
"1e349fad"	"2"
"bbc7cd8a"	"0"
"0cd40c5a"	"0"
"1058ad1a"	"1"
"e63267df"	"1"
"4e2e88be"	"0"
"55a07574"	"0"
"2ad3680c"	"1"
"50c3b87a"	"1"
"5a9707c8"	"1"
"b7349efa"	"0"
"50e55d2f"	"0"
"82abd3a1"	"0"
"02ecacac"	"5"
"64485157"	"1"
"9db502aa"	"1"
"9e11a478"	"2"
"6c3579fe"	"0"
"d4629d89"	"0"
"66ca301d"	"0"
"851218a9"	"3"
"66267a6e"	"0"
"28136ea3"	"1"
"b90d562f"	"0"
"5b0a0602"	"2"
"46c1b349"	"0"
"3b34e6da"	"1"
"bc47aadd"	"0"
"87b1e62c"	"1"
"36651101"	"0"
"a6aa2913"	"0"
"a1f2fd6c"	"0"
"2edabb39"	"1"
"4eb382e9"	"3"
"b15ac70d"	"1"
"78db3758"	"1"
"85afd405"	"0"
"d1e57a8a"	"2"
"b9ceb7ca"	"0"
"44c6605f"	"1"
"3f827629"	"1"
"895e8f17"	"5"
"acfa392c"	"6"
"a4786752"	"0"
"0ed05c0f"	"1"
"d7c68189"	"0"
"62b73cf8"	"0"
"a4ee3a43"	"4"
"b73972a5"	"0"
"25b39b95"	"2"
"63dd4caf"	"0"
"e1cbaae1"	"2"
"82d0a4b9"	"0"
"be81441d"	"0"
"22bc5388"	"0"
"5a34205f"	"0"
"cdeddfcf"	"1"
"ea714a6a"	"0"
"698fa54c"	"0"
"c44b0535"	"1"
"96abfc14"	"1"
"e5daf925"	"0"
"4b05f07f"	"2"
"8c97661d"	"3"
"a603c82b"	"0"
"d5d7579f"	"4"
"e932fac2"	"2"
"4c2030ca"	"1"
"e488494d"	"1"
"193783cc"	"0"
"7b8b5c21"	"0"
"e4e3d42c"	"0"
"61c70cff"	"2"
"45f18826"	"0"
"9e94345c"	"0"
"9a55c87c"	"3"
"153dc9f7"	"0"
"34b4864d"	"0"
"ff046f31"	"1"
"bceadeb8"	"1"
"336b81e9"	"1"
"6befc83f"	"0"
"d34bbbaa"	"0"
"3a1ad94d"	"1"
"2f77e27e"	"0"
"eb8af6c5"	"2"
"70509819"	"2"
"1526c97b"	"0"
"caaac840"	"0"
"0e7e6a59"	"2"
"3deee84f"	"0"
"44fe1b3b"	"0"
"f898597d"	"0"
"c2e5a46a"	"1"
"71959753"	"1"
"02c478f8"	"0"
"7b97d3ed"	"1"
"899a8d28"	"0"
"5dfab431"	"1"
"6d189535"	"0"
"4426d2e1"	"3"
"05af75a3"	"2"
"506833f5"	"3"
"66ab4640"	"0"
"11532dbf"	"1"
"45ec14c2"	"1"
"c09fe0f5"	"1"
"3272fbb3"	"2"
"f5b1431a"	"0"
"da927817"	"1"
"edfe9f9a"	"1"
"f0eb9766"	"0"
"62c80574"	"2"
"68c26ccf"	"3"
"ad09f6e2"	"0"
"0619338e"	"0"
"f1ffa7a8"	"6"
"7142055e"	"3"
"91fe5d6a"	"1"
"1f1f3319"	"2"
"15f9756f"	"2"
"5e0e3b92"	"5"
"d18bd9ce"	"0"
"372c49ed"	"1"
"fdc1ef1e"	"1"
"9228ee3a"	"0"
"16f3f5ff"	"0"
"e2764e1b"	"0"
"0da1313b"	"0"
"b4efc656"	"0"
"cf871621"	"1"
"d67b24eb"	"0"
"91e7c2e0"	"1"
"7c672d66"	"0"
"2df289cf"	"0"
"cead7998"	"3"
"79135678"	"0"
"52c6d901"	"0"
"d57d968f"	"2"
"d11469cf"	"0"
"0c4bd1c7"	"0"
"33c646d9"	"1"
"32bdb091"	"1"
"372af74f"	"1"
"48a5cff6"	"0"
"320abdef"	"0"
"58be6427"	"4"
"85ed383a"	"1"
"4ccd5c0c"	"0"
"1006e323"	"0"
"1c2fe58b"	"0"
"bd98b0ef"	"1"
"b9219bef"	"0"
"89acde52"	"4"
"96e7d7ec"	"0"
"a22c5cd4"	"1"
"75a981ae"	"0"
"ba764685"	"0"
"f626c6a1"	"3"
"bbd77d5c"	"2"
"055f4501"	"0"
"5795f52c"	"1"
"d1208a40"	"0"
"cbf065ab"	"0"
"4b05885c"	"0"
"da1c12c2"	"6"
"89841bf5"	"1"
"52f44336"	"3"
"b3169d97"	"0"
"2111efa7"	"0"
"0187ba3e"	"0"
"686cc477"	"4"
"f8e83805"	"0"
"fd296356"	"1"
"60dcad30"	"1"
"31950f0b"	"2"
"5fae42ee"	"0"
"c79fbe5a"	"0"
"62874e4c"	"1"
"d6758f3c"	"5"
"a5ada20c"	"0"
"8bd84115"	"2"
"a0daec83"	"0"
"ad61e71a"	"0"
"d758fbb6"	"1"
"c137d3a8"	"1"
"e6640d38"	"3"
"0d08de2b"	"3"
"d0293987"	"0"
"d4a2aafb"	"0"
"0d7700e3"	"0"
"4d5c1cf2"	"0"
"2dd5c5fd"	"0"
"45bc8a5c"	"0"
"3.15E+12"	"1"
"ca6ecb4e"	"1"
"a2421c49"	"1"
"9d743430"	"0"
"dd13dd9d"	"0"
"1da70962"	"0"
"86f1faab"	"1"
"c8f2d664"	"1"
"296dbf35"	"0"
"612cc91c"	"0"
"40be504f"	"1"
"dd28ba9d"	"2"
"0d71d934"	"2"
"f2d9f4e6"	"1"
"bf32ce93"	"1"
"03e4e5e3"	"3"
"f00aa95b"	"0"
"6838f0f9"	"1"
"e67be6c2"	"0"
"75654bd9"	"2"
"1741141d"	"1"
"343b0745"	"0"
"44494636"	"2"
"6e529d68"	"0"
"0a1d9cd4"	"0"
"64186369"	"1"
"54ab4177"	"4"
"8edef3c2"	"0"
"d9c92a02"	"0"
"455e2920"	"1"
"6db7ff53"	"0"
"fdd2d9cc"	"3"
"ca9ab4ea"	"1"
"fc206ac0"	"0"
"d93cd40c"	"0"
"d4928484"	"0"
"deaa2a63"	"0"
"4d3904ca"	"0"
"b5125747"	"1"
"5318a4e2"	"0"
"c7a5b632"	"1"
"9d54e484"	"0"
"7c3a043d"	"0"
"d688a9a1"	"2"
"47c60607"	"6"
"8c562668"	"0"
"d97de730"	"1"
"ee1370b0"	"1"
"854dbe69"	"0"
"aff93abd"	"3"
"8831ef96"	"1"
"731eb1c6"	"0"
"248b4582"	"0"
"d396bb51"	"0"
"54ab3ce7"	"1"
"def698d0"	"1"
"f9ddedae"	"4"
"fc422498"	"0"
"6bae3363"	"0"
"4c668abe"	"3"
"ece6128d"	"0"
"091ffd08"	"1"
"e5f78ef4"	"4"
"142a73ab"	"1"
"a62b8000"	"0"
"58d009f4"	"2"
"5380c239"	"2"
"feb9172e"	"0"
"030f79db"	"0"
"41f42ed9"	"0"
"06a57b15"	"1"
"62ff66a7"	"3"
"33cda068"	"1"
"0f17f301"	"0"
"365cd088"	"2"
"0789f6c1"	"1"
"287dfd1c"	"0"
"5b26ccad"	"0"
"5ce735a3"	"1"
"9149cf19"	"1"
"a6994870"	"0"
"d02e55d0"	"0"
"3f6afeee"	"0"
"de8f2511"	"0"
"f5626e42"	"0"
"29bd07b5"	"2"
"cd255272"	"2"
"a15fc7e4"	"0"
"6b16b04b"	"1"
"30893f71"	"0"
"b3e2fbb8"	"1"
"df537b98"	"2"
"610f12e0"	"2"
"41da9fd8"	"5"
"81e79c5d"	"0"
"1431ef9c"	"0"
"5d9ec744"	"2"
"6ed21ba1"	"0"
"f22c22cb"	"1"
"e82bd267"	"0"
"763d1fd9"	"0"
"86cc9b07"	"0"
"10e79380"	"1"
"fed96110"	"0"
"8582bbc2"	"0"
"94f1d86b"	"0"
"76c6b8ad"	"0"
"0f2c44cf"	"0"
"a946e592"	"1"
"764fd14f"	"0"
"b39abcba"	"2"
"041d28aa"	"0"
"15b889cf"	"1"
"bd94730a"	"0"
"49ef888a"	"2"
"bb2ed21b"	"0"
"a1234d3b"	"0"
"6d5369cb"	"1"
"5d506a02"	"1"
"320cfafe"	"2"
"8cd9c5a8"	"0"
"b5909f74"	"2"
"f2b6807d"	"1"
"ba93c46f"	"3"
"f3f1c1d8"	"1"
"2bea134a"	"2"
"443b1d43"	"2"
"1b15117d"	"0"
"ec446a02"	"1"
"fc64fab4"	"1"
"a128464a"	"0"
"33da98a6"	"0"
"25d77dbe"	"5"
"e950ac53"	"1"
"4b24a17f"	"3"
"adc4cbe7"	"4"
"9a2ca7fe"	"0"
"b2315501"	"3"
"66c6ab2f"	"0"
"e0373f98"	"1"
"5f51c9f7"	"0"
"fd8e870a"	"1"
"9dcf7726"	"0"
"af91ed96"	"0"
"f9ecedeb"	"0"
"c4c38e60"	"0"
"0286363b"	"1"
"8dfcc028"	"0"
"239992d5"	"4"
"f2c75038"	"0"
"5caecf38"	"2"
"bacab5bb"	"0"
"9a4d73cd"	"0"
"ecf9bde3"	"0"
"199b13ff"	"1"
"69e137bd"	"0"
"6953ed08"	"6"
"cf47c5a0"	"1"
"7beb7825"	"3"
"16e62ae7"	"0"
"50a5e30e"	"0"
"312c9d44"	"2"
"1da54141"	"2"
"fce397fc"	"1"
"c5f8e781"	"1"
"7de53a5a"	"3"
"6c77363c"	"1"
"c3392786"	"1"
"c9816f7a"	"0"
"6d40becd"	"0"
"703c4336"	"0"
"9a331d72"	"2"
"3e186af1"	"2"
"0fe9efbf"	"0"
"9e9dba89"	"2"
"e64359c3"	"0"
"089771ee"	"0"
"fff9b8a0"	"1"
"fead2008"	"2"
"bd059d6e"	"6"
"107770c1"	"0"
"f8166975"	"2"
"86de6bde"	"0"
"e49859c8"	"0"
"de72b4c8"	"3"
"0e1e4264"	"0"
"f802b68d"	"3"
"a59ca2bf"	"1"
"7f6476ed"	"0"
"09beb863"	"0"
"0f6ca455"	"0"
"6f911688"	"0"
"9583fc5a"	"2"
"eedafe0e"	"1"
"2c7ad9b4"	"1"
"ee6a0e16"	"0"
"4202ba7d"	"1"
"c5fe89ad"	"0"
"1dfe3134"	"0"
"d670b82b"	"0"
"3e60b26a"	"0"
"d489fb60"	"5"
"c07da6f7"	"0"
"312f0d40"	"0"
"2ca4c3cb"	"1"
"79e1fa3f"	"1"
"f3e151b8"	"0"
"e8815162"	"3"
"88bc8990"	"0"
"d2fead5c"	"0"
"4c121294"	"1"
"3339340c"	"0"
"2d88fff3"	"1"
"df99660d"	"0"
"3deb55a3"	"2"
"f88ecad2"	"0"
"268e1bbb"	"1"
"e8cf0dba"	"1"
"ae041604"	"0"
"db037121"	"0"
"84dd733f"	"3"
"1f6078d0"	"0"
"c98b13fe"	"0"
"dbdd7dd2"	"3"
"12dc1da8"	"1"
"96422ae6"	"0"
"2b8a3b3a"	"0"
"64ceeda2"	"0"
"09abc18b"	"3"
"7ddbd8e9"	"3"
"1d268671"	"0"
"1300277b"	"2"
"faebfa7c"	"2"
